State;Code;Region;Developement;Population;Infectious and parasitic diseases;Respiratory Infectious ;Maternal conditions;Neonatal conditions;Nutritional deficiencies;Malignant neoplasms;Other neoplasms;Diabetes mellitus;Endocrine, blood, immune disorders;Mental and substance use disorders;Neurological conditions;Sense organ diseases;Cardiovascular diseases;Respiratory diseases;Digestive diseases;Genitourinary diseases;Skin diseases;Musculoskeletal diseases;Congenital anomalies;Oral conditions;Sudden infant death syndrome;Road injury;Poisonings;Falls;Fire, heat and hot substances;Drowning;Exposure to mechanical forces;Natural disasters;Other unintentional injuries;Self-harm;Interpersonal violence;Collective violence and legal intervention
Afghanistan;AFG;Asia;Developing;34656;29,7;17,1;3,5;39,3;0,7;20;1,1;7,1;1,6;0,3;3,5;0;51,2;6,7;5,5;5,5;0,1;0,2;6,3;0;0,4;5,3;0,4;3,4;0,5;2,9;1,9;0;2,5;1,6;2,6;27,4
Albania;ALB;Europe;Transition;2926;0,1;0,4;0;0,2;0;5,1;0,3;0,2;0,1;0;1,5;0;14,9;0,9;0,6;0,5;0;0;0,2;0;0;0,4;0;0,1;0;0;0,1;0;0,1;0,2;0,1;0
Algeria;DZA;Africa;Developing;40606;6,6;8,7;1;11,7;0,2;25,2;0,7;8,4;1,5;0,5;13,1;0;69,2;6;6,1;7,9;0,6;0,2;4,4;0;0,3;9,8;0,3;1,3;0,7;0,7;0,6;0;1,6;1,3;1,7;0,1
Angola;AGO;Africa;Developing;28813;76,6;24,1;3,4;31,7;7,2;8,5;0,4;2,4;1,6;0,5;3,1;0;22,5;3,6;8,6;1,8;0,9;0,1;7,2;0;0,6;6,7;0,8;1,4;1,1;3;1,1;0;2,5;1,3;2,8;0
Antigua and Barbuda;ATG;America;Developing;101;0;0;0;0;0;0,1;0;0,1;0;0;0;0;0,2;0;0;0;0;0;0;0;0;0;0;0;0;0;0;0;0;0;0;0
Argentina;ARG;America;Developing;43847;13,9;32,7;0,4;3,5;1,7;65,7;3;9,2;3,6;1,6;7,2;0;91;34,4;17,4;14,7;2,3;1,2;2,9;0;0,2;6;0,3;0,4;0,4;0,5;0,2;0;6,8;4;2,7;0
Armenia;ARM;Asia;Developing;2925;0,2;0,3;0;0,2;0;8;0,1;1,1;0;0,1;1,2;0;12,3;1,2;1,4;0,8;0;0;0,2;0;0;0,4;0;0,1;0;0;0;0;0,2;0,2;0,1;0
Australia;AUS;Oceania;Developed;24126;2,6;3,9;0;0,5;0,3;45,7;1,3;4,8;2,3;1,7;18,9;0;44;11,7;6;3,6;0,5;1,3;0,7;0;0,1;1,2;0;2,6;0,1;0,2;0,1;0;1,8;3,2;0,3;0
Austria;AUT;Europe;Developed;8712;0,7;1,2;0;0,1;0,1;20,9;0,8;3,4;1;0,6;4,4;0;33;4,1;3,1;2,3;0,1;0,3;0,3;0;0;0,4;0;0,9;0;0;0;0;1,3;1,4;0;0
Azerbaijan;AZE;Asia;Developing;9725;1,6;1,4;0;2,5;0;10,1;0;1,5;0,3;0,6;1,9;0;32,4;1,9;3,4;1,2;0;0;0,8;0;0;1;0,1;0,2;0,3;0,2;0,1;0;0,4;0,3;0,2;0,1
Bahamas;BHS;America;Developing;391;0,3;0,1;0;0;0;0,5;0;0,1;0;0;0,1;0;0,7;0;0,1;0,1;0;0;0;0;0;0;0;0;0;0;0;0;0;0;0,1;0
Bahrain;BHR;Asia;Developing;1425;0,1;0,1;0;0,1;0;0,5;0;0,4;0,1;0;0,1;0;0,8;0,1;0,1;0,1;0;0;0,1;0;0;0,1;0;0;0;0;0;0;0;0,1;0;0
Bangladesh;BGD;Asia;Developing;162952;122,8;31,9;4,9;51,2;8,1;99,6;1,8;28,1;3,8;1,9;19,7;0;257,6;82,3;39,9;22,5;2,8;0,5;10,7;0;1,4;20,8;0,5;5;1,7;12,4;1;0;8,3;9,5;4,8;0,1
Barbados;BRB;America;Developing;285;0,1;0,3;0;0;0;0,7;0;0,3;0,1;0;0,1;0;0,9;0,1;0,1;0,1;0;0;0;0;0;0;0;0;0;0;0;0;0,1;0;0;0
Belarus;BLR;Europe;Transition;9480;1,9;0,9;0;0,1;0;18,8;0;0,4;0,1;2,2;4,9;0;73,7;2,2;4,1;0,9;0;0;0,3;0;0;1,2;0,2;1,1;0,6;0,7;0,2;0;1,2;2,5;0,5;0
Belgium;BEL;Europe;Developed;11358;2,1;5,9;0;0,2;0,5;28,8;1,7;1,7;1,4;0,8;11,4;0;31;8,6;5;3,1;0,3;0,7;0,3;0;0;0,7;0;1,7;0,1;0,1;0,1;0;1,9;2,4;0,1;0
Belize;BLZ;America;Developing;367;0,2;0,1;0;0,1;0;0,3;0;0,2;0;0;0,1;0;0,5;0,1;0,1;0,1;0;0;0;0;0;0,1;0;0;0;0;0;0;0;0;0,1;0
Benin;BEN;Africa;Developing;10872;24,9;11,6;1,4;12,2;3,2;3,9;0,2;1,5;2,3;0,3;1,5;0;13,4;2,4;4,5;2;0,3;0,1;2,5;0;0,2;3,2;0,4;0,9;0,6;0,9;0,6;0;1,7;1,1;0,7;0
Bhutan;BTN;Asia;Developing;798;0,5;0,2;0;0,2;0;0,5;0;0,2;0;0;0,1;0;1,3;0,4;0,3;0,2;0;0;0,1;0;0;0,1;0;0,1;0;0;0;0;0,1;0,1;0;0
Bolivia (Plurinational State of);BOL;America;Developing;10888;4,1;6,3;0,5;4;1,1;7,9;0,2;2,9;0,3;0,6;2,6;0;16,7;3,3;5,4;4,1;0,1;0,2;1,5;0;0;2,5;0,2;0,7;0,3;0,7;0,4;0;1,6;1,3;1,5;0
Bosnia and Herzegovina;BIH;Europe;Transition;3517;0,2;0,4;0;0,1;0;7,3;0,1;2,6;0,1;0,2;2,3;0;20,3;1,4;1,2;0,7;0;0;0,1;0;0;0,6;0;0,1;0;0;0;0;0,2;0,3;0,1;0
Botswana;BWA;Africa;Developing;2250;5;1;0,1;1,1;0,1;1,1;0;1;0,1;0,1;0,4;0;2,9;0,6;0,4;0,3;0;0;0,3;0;0;0,5;0;0;0,1;0,1;0,1;0;0,1;0,2;0,3;0
Brazil;BRA;America;Developing;207653;59,2;92,8;1,3;19,4;11,1;233,9;4,5;65,4;16,2;12,1;42,3;0,1;369,1;84,7;75,3;46,9;5,4;6,2;13,2;0,1;0,2;43,7;0,4;16,3;1,3;5,8;1,7;0;13,6;13,5;64,9;0
Brunei Darussalam;BRN;Asia;Developing;423;0;0,1;0;0;0;0,4;0;0,1;0;0;0,1;0;0,5;0,1;0,1;0,1;0;0;0;0;0;0;0;0;0;0;0;0;0;0;0;0
Bulgaria;BGR;Europe;Developed;7131;0,5;1,6;0;0,2;0;19,4;0,2;1,6;0,2;0,2;1,1;0;67,8;4,6;3,9;2,1;0;0;0,2;0;0;0,5;0;0,4;0,1;0,1;0,2;0;0,4;0,8;0,1;0
Burkina Faso;BFA;Africa;Developing;18646;49,6;15,7;2,5;17,2;4,9;7,3;0,3;2,1;4,3;0,3;1,8;0;20,4;2,4;6,5;2,1;0,7;0,1;3,4;0;0,3;6;0,6;1,7;1;1,5;0,8;0;2,5;1,4;1,8;0,2
Burundi;BDI;Africa;Developing;10524;25,7;9,7;3;10;4,6;6,6;0,2;1,3;0,7;0,2;1,1;0;11,1;2;4;0,8;0,3;0,1;2;0;0,2;3,7;0,5;0,9;0,8;1,2;0,5;0;1,7;1;0,7;0,4
Cambodia;KHM;Asia;Developing;15762;10,4;7,5;0,5;4,9;0,5;13,1;0,2;2,2;0,4;0,3;3;0;22,5;3,8;10,8;2,1;0,1;0,1;1,2;0;0,1;3,1;0,1;1,7;0,4;1,8;0,2;0;1;0,8;0,3;0
Cameroon;CMR;Africa;Developing;23439;74,4;24,2;4,7;18,9;4,3;11,6;0,4;4,6;3,9;1,1;3,5;0;28,6;5,3;11,4;5;0,6;0,3;6;0;0,4;6,9;0,7;2,4;1,3;2,5;1,6;0;4,4;2,9;2,7;0,2
Canada;CAN;America;Developed;36290;5,5;7,1;0;1;0,6;78,3;1,6;6,9;3,2;2,6;31,8;0;63,7;18,6;10,8;5,2;0,5;1,8;1,1;0;0,1;2,1;0,1;5,2;0,2;0,3;0,3;0;2,4;4,5;0,5;0
Cape Verde;CPV;Africa;Developing;540;0,2;0,3;0;0,1;0;0,3;0;0,1;0;0;0,1;0;1,1;0,1;0,1;0,1;0;0;0,1;0;0;0,1;0;0;0;0;0;0;0;0,1;0;0
Central African Republic;CAF;Africa;Developing;4595;23,6;5,3;1,2;6,2;1,8;2,4;0,1;0,6;0,3;0,1;0,6;0;6,8;1,1;1,9;0,4;0,1;0;0,9;0;0,1;1,5;0,1;0,3;0,3;0,6;0,3;0;0,5;0,4;0,6;1,7
Chad;TCD;Africa;Developing;14453;51,4;27,3;6,4;20,2;4,8;5,3;0,3;1,8;2,2;0,5;1,8;0;17,6;3,1;7,2;2,9;0,3;0,1;4,1;0;0,2;3,8;0,5;1,3;1;1,8;1,5;0;3,5;1,3;1,4;0,1
Chile;CHL;America;Developing;17910;3;4,4;0,1;0,8;0,7;28;1,2;5,2;1,1;0,7;5,5;0;29,7;7,1;8,4;3,9;0,4;0,7;1;0;0;2;0;1;0,3;0,3;0,2;0;1,2;1,9;0,8;0
China;CHN;Asia;Developing;1411415;129,6;177,5;4,4;64,8;15,7;2369,5;40,4;167,3;24,2;45,2;633,3;0;4475,7;938,2;278;214;7,4;21,5;43,5;0;0,8;285;19,1;116,3;10,4;55,5;35,3;0,2;48,3;136,3;13,1;2,5
Colombia;COL;America;Developing;48653;10,1;10,8;0,7;4,8;2,3;56,2;4,4;9,7;2;0,7;4,9;0;84;18,3;13,5;9,8;1,4;2,8;3,5;0;0,1;10,6;0,2;2,2;0,2;1,4;0,7;0;2,6;3,5;21;0,1
Comoros;COM;Africa;Developing;796;1;0,7;0,1;0,8;0,2;0,5;0;0,1;0;0;0,1;0;1;0,1;0,3;0,1;0;0;0,1;0;0;0,2;0;0,1;0;0;0;0;0,1;0,1;0,1;0
Congo;COG;Africa;#N/B;5126;13,3;2,8;0,7;3,2;1,2;1,8;0,1;0,7;0,2;0,1;0,7;0;5,5;0,8;1,9;0,4;0,2;0;0,9;0;0,1;1,4;0,1;0,3;0,2;0,4;0,2;0;0,4;0,3;0,5;0,1
Costa Rica;CRI;America;Developing;4857;0,5;0,8;0;0,2;0;5,8;0,3;0,9;0,2;0,1;1;0;7,2;1,6;1,9;0,9;0,1;0,2;0,3;0;0;0,7;0;0,1;0;0,1;0;0;0,6;0,4;0,5;0
Côte d'Ivoire;CIV;Africa;Developing;23696;73,5;30,1;6,7;28,9;5,9;10,4;0,4;5,6;4;1,2;3,4;0;42,7;6,5;15;6,1;0,6;0,3;6,4;0;0,3;5,8;0,9;2,6;2,1;3;2;0;5,8;3,4;2,9;0
Croatia;HRV;Europe;Developed;4213;0,4;0,6;0;0,1;0;14,2;0,3;1,9;0,1;0,4;1,9;0;23,1;2;2,1;1,4;0;0,1;0,1;0;0;0,3;0;1,1;0;0,1;0;0;0,4;0,7;0;0
Cuba;CUB;America;Developing;11476;1,1;6,7;0;0,3;0,1;24,5;0,6;2,4;0,4;0,7;6,5;0;35,1;5,6;4;1,4;0,2;0,7;0,4;0;0;0,9;0;2,5;0,1;0,2;0,1;0;1,8;1,6;0,6;0
Cyprus;CYP;Europe;Developing;1170;0,2;0,1;0;0;0;1,9;0,1;0,6;0,1;0;0,5;0;2,8;0,7;0,3;0,3;0;0;0;0;0;0,1;0;0;0;0;0;0;0,2;0,1;0;0
Czechia;CZE;Europe;Developed;10611;1,7;3,6;0;0,2;0,3;27,7;0,6;3,8;0,7;0,6;4,4;0;47,3;4,7;4,6;1,9;0,2;0,2;0,2;0;0;0,5;0;0,6;0,1;0,1;0,1;0;2,2;1,4;0,1;0
Democratic People's Republic of Korea;PRK;Asia;Developing;25369;12,6;4,8;0,3;3;0,4;42,5;0,3;3,2;0,5;0,9;7,2;0;88,1;31,6;6,4;3,7;0,1;0,4;1,3;0;0;5,2;0,5;1,7;0,3;1,5;0,8;0,1;1,3;2,9;1,1;0,2
Democratic Republic of the Congo;COD;Africa;Developing;78736;241,5;74,8;15,6;88,8;36,3;38,8;1,2;8;5,5;1,2;9,6;0;76,2;13,7;26,6;4,9;2,1;0,4;17,3;0;2;27,8;2,5;3,8;3,8;9,9;4;0;8,7;4,5;10,5;1,1
Denmark;DNK;Europe;Developed;5712;0,9;2,1;0;0,2;0,1;16,5;0,3;1,5;0,6;0,9;5,3;0;12,5;4,8;2,3;1;0,1;0,4;0,2;0;0;0,2;0;0,5;0,1;0;0;0;0,4;0,7;0;0
Djibouti;DJI;Africa;Developing;942;1,8;0,7;0,1;0,6;0,3;0,5;0;0,2;0,1;0;0,2;0;1,4;0,2;0,4;0,1;0;0;0,1;0;0;0,2;0;0,1;0,1;0,1;0;0;0,1;0,1;0,1;0
Dominican Republic;DOM;America;Developing;10649;4,1;2,4;0,1;3,5;0,2;10,5;0,3;2,5;0,4;0,3;2,4;0;22,9;1,7;2,8;2,3;0,1;0,1;1,2;0;0;2,8;0;0,2;0,1;0,3;0,3;0;1,2;1,1;1,8;0
Ecuador;ECU;America;Developing;16385;3,1;5,4;0,2;2,8;1,1;14;0,9;6,5;0,9;0,7;1,7;0;19,8;4,4;5,9;3,3;0,2;0,6;1,9;0;0;3,9;0,1;0,6;0,1;0,5;0,2;0,3;2,2;1,2;1,5;0
Egypt;EGY;Africa;Developing;95689;11,8;22,1;0,9;25,7;1,3;77,7;3,6;17,9;4,9;0,5;21,1;0;245,9;25,9;79,8;18,8;0,1;0,2;14,4;0;0,6;13,5;0,2;4,2;2;1,8;1;0;3,7;3,8;4,6;0,3
El Salvador;SLV;America;Developing;6345;1,4;2,2;0;0,7;0,3;6,6;0;2,3;0,1;1,1;2,3;0;9,8;1,2;2,5;4,4;0,1;0,1;0,5;0;0;1,1;0;0,5;0,1;0,4;0;0;0,5;0,9;2,9;0
Equatorial Guinea;GNQ;Africa;Developing;1221;3,4;1,2;0,1;1,1;0,3;0,5;0;0,3;0,1;0,1;0,3;0;1,5;0,2;0,7;0,2;0,1;0;0,3;0;0;0,3;0;0,1;0,1;0,2;0,1;0;0,2;0,2;0;0
Eritrea;ERI;Africa;Developing;4955;6,8;3,6;0,6;2,4;1,3;2,7;0,1;0,9;0,2;0,1;0,6;0;6,6;1;2;0,4;0,1;0;0,6;0;0,1;1,3;0,2;0,4;0,3;0,3;0,2;0;0,6;0,4;0,4;0
Estonia;EST;Europe;Developed;1312;0,1;0,3;0;0;0;4;0,1;0,2;0;0,3;0,3;0;7,8;0,3;0,6;0,4;0;0;0;0;0;0,1;0;0,1;0,1;0,1;0;0;0,1;0,2;0;0
Ethiopia;ETH;Africa;Developing;102403;168,7;66,7;13,1;75,5;19,3;50,9;2,5;13;4,1;1,9;12,7;0;109,5;15,5;36,9;9,3;2,5;0,6;14,4;0;1,1;29,4;2,9;8,5;4,4;6,5;3,3;0;11,4;7,3;8;0,1
Fiji;FJI;Oceania;Developing;899;0,3;0,2;0;0,1;0;0,6;0;1,4;0,1;0;0,1;0;2,2;0,3;0,1;0,3;0;0,1;0,1;0;0;0,1;0;0;0;0,1;0;0;0,1;0;0;0
Finland;FIN;Europe;Developed;5503;0,3;0,3;0;0,1;0;12,4;0,3;0,5;0,2;1;11,1;0;19,1;1,7;2,4;0,5;0;0,2;0,2;0;0;0,2;0;1,2;0,1;0,1;0;0;0,3;0,9;0,1;0
France;FRA;Europe;Developed;64721;10;17,9;0,1;1,5;4,2;173,4;7,6;12,4;7;6;64,4;0,1;143,4;31,1;24,9;10,6;1,3;4,3;1,9;0,1;0,1;2,8;0,3;6,5;0,4;0,8;0,2;0;12,2;11,5;0,6;0,1
Gabon;GAB;Africa;Developing;1980;4,8;1,1;0,1;1,1;0,3;0,8;0;0,4;0,1;0;0,5;0;2,5;0,3;0,9;0,2;0,1;0;0,3;0;0;0,4;0;0,2;0,1;0,2;0,1;0;0,2;0,1;0,2;0
Gambia;GMB;Africa;Developing;2039;4;1,6;0,5;2;0,5;0,6;0;0,2;0,2;0;0,2;0;2,3;0,4;0,6;0,3;0;0;0,5;0;0;0,7;0;0,2;0,1;0,1;0,1;0;0,3;0,1;0,2;0
Georgia;GEO;Asia;Developing;3925;0,7;0,6;0;0,3;0;7;0,1;1,3;0,1;0,1;2,6;0;36,3;2,2;2,1;0,9;0;0;0,2;0;0;0,5;0;0,2;0,2;0,1;0,1;0;0,3;0,3;0,2;0
Germany;DEU;Europe;Developed;81915;18,3;23,3;0,1;1,3;1,3;235,4;8;24,8;10;8,2;72,6;0;343,5;58,8;40,6;29,9;1,6;3,9;2,1;0,1;0,1;3,3;0,1;13,5;0,4;0,5;0,3;0;6,9;11,1;0,6;0
Ghana;GHA;Africa;Developing;28207;55,8;22,2;2,5;20,5;4;11,9;0,4;5,7;3,3;0,9;3,7;0;42,2;4,9;11,2;4,1;0,9;0,2;5;0;0,1;7,5;0,5;2,7;1;1,2;0,9;0;3,7;1,5;2,7;0
Greece;GRC;Europe;Developed;11184;4,7;8,3;0;0,2;0,1;31,4;0,4;1,8;0,6;0,3;4,6;0;46,1;10,5;3,8;4,4;0,1;0,3;0,2;0;0;0,9;0;0,5;0,1;0,4;0,1;0;0,8;0,6;0,1;0
Grenada;GRD;America;Developing;107;0;0,1;0;0;0;0,2;0;0,1;0;0;0;0;0,2;0;0;0;0;0;0;0;0;0;0;0;0;0;0;0;0;0;0;0
Guatemala;GTM;America;Developing;16582;5,5;7,2;0,3;4,8;2,2;8;0,5;6,6;0,7;1,5;1,2;0;13,8;2,8;6,3;3,8;0,1;0,3;1,6;0;0,1;2,7;0,2;0;0,1;0,3;1,1;0;3,4;0,4;4,3;0
Guinea;GIN;Africa;Developing;12396;36;14;2,7;10,4;2,3;4,9;0,2;2,1;1,9;0,3;1,4;0;17,4;3;5,2;1,7;0,2;0,1;2,4;0;0,1;3,6;0,4;0,9;0,6;0,9;0,7;0;1,8;0,8;1,1;0
Guinea-Bissau;GNB;Africa;Developing;1816;5,9;1,7;0,2;2,2;0,2;0,7;0;0,3;0,1;0;0,1;0;2,1;0,3;0,5;0,2;0;0;0,4;0;0;0,5;0;0,1;0,1;0,1;0,1;0;0,2;0,1;0,2;0
Guyana;GUY;America;Developing;773;0,6;0,3;0;0,3;0,1;0,5;0;0,5;0,1;0;0,1;0;2,3;0,2;0,4;0,2;0;0;0,1;0;0;0,1;0;0;0;0,1;0;0;0,1;0,2;0,1;0
Haiti;HTI;America;Developing;10847;12,2;7;1;6,2;1,4;6,8;0,2;4;1;0,4;1,8;0;26,6;3,1;4;2,5;0,1;0,2;1,8;0;0,1;1,7;0,3;0,4;0,6;1,6;0,7;0,5;1,4;1,3;3;0
Honduras;HND;America;Developing;9113;2,5;0,8;0,3;1,6;0,3;5,5;0;0,8;0,3;0,3;1,6;0;9,9;1,7;2,8;2,3;0;0,2;0,9;0;0;1,4;0;0,2;0;0,2;0,1;0;0,4;0,3;5,1;0
Hungary;HUN;Europe;Developed;9753;0,7;1,3;0;0,2;0,1;33;0,6;2,8;0,5;0,7;4,7;0;61,5;6,5;6,3;1,8;0,1;0,4;0,3;0;0;0,7;0;1,7;0,1;0,1;0,1;0;0,8;1,9;0,1;0
Iceland;ISL;Europe;Developed;332;0;0,1;0;0;0;0,7;0;0;0;0;0,3;0;0,7;0,1;0,1;0;0;0;0;0;0;0;0;0;0;0;0;0;0;0;0;0
India;IND;Asia;Developing;1324171;1199,3;617,2;40,8;549,7;82,9;815,1;14,3;309;21,1;31,1;209;0;2590,1;1017,2;509,9;304,7;13,2;49,2;105,1;0,5;5,7;299,1;31,3;206,3;45,2;64;19;0;146,9;215,9;54,9;0,7
Indonesia;IDN;Asia;Developing;261115;254,9;50,2;9,3;53,4;18,4;216,3;2,8;102,8;7,4;2,1;64,3;0;655,1;103,7;136,4;50,7;3,3;1,7;17,3;0;0,8;41,9;1,1;18,5;1,9;8,6;2,7;0,1;16,5;9;11,9;0
Iran (Islamic Republic of);IRN;Asia;Developing;80277;8,8;10,1;0,2;10;0,3;59,7;0,8;14,8;1,7;2,2;23,8;0;160,8;14,6;9,2;11,6;0,5;0,5;4,1;0;0,1;21,8;1;2,2;1,5;0,8;0,3;0;2,6;3,3;3,6;0,6
Iraq;IRQ;Asia;Developing;37203;5,8;7,4;0,6;17,8;0,3;21,2;1,6;7,3;0,8;0,5;4,3;0;51,6;3,6;1,9;4,8;0,1;0,1;5,8;0;0,2;6,2;0,2;0,6;0,6;0,6;0,8;0;1,9;1,1;5,8;36,2
Ireland;IRL;Europe;Developed;4726;0,3;1,2;0;0,1;0;9,2;0,2;0,6;0,3;0,3;3,4;0;8,7;2,7;1,2;0,7;0,1;0,2;0,2;0;0;0,1;0;0,3;0;0,1;0;0;0,2;0,5;0;0
Israel;ISR;Asia;Developed;8192;1,6;2,4;0;0,2;0,2;12,1;0,3;2,7;1;0,2;3,2;0;10,6;2,8;1,7;2,4;0,5;0,4;0,3;0;0;0,2;0;0,1;0;0;0;0;0,8;0,4;0,1;0
Italy;ITA;Europe;Developed;59430;13,8;14,2;0;0,9;2,3;173,5;9;22,1;7,9;1,7;48,9;0,1;229,8;41,3;26,2;17,6;1,3;3,6;1,6;0;0;3,1;0,2;3,9;0,2;0,4;0,4;0,2;10,2;4,9;0,5;0
Jamaica;JAM;America;Developing;2881;1,1;0,6;0;0,4;0,1;3,9;0,1;2,3;0,2;0;0,9;0;5,9;0,6;0,5;0,9;0,2;0,1;0,2;0;0;0,3;0;0,1;0;0;0;0;0,1;0,1;1,1;0
Japan;JPN;Asia;Developed;127749;21,7;141,5;0;0,6;3,2;399,7;12,6;14,4;10,5;2,3;53,3;0;358,7;115;57,9;44,3;1,9;6,6;2,8;0,1;0,1;4,8;0,5;7,9;1,1;7,3;0,6;0;17,3;23,7;0,3;0
Jordan;JOR;Asia;Developing;9456;0,5;1,3;0,1;2;0;4,4;0,2;2,3;0,3;0,1;2;0;13,4;1;1,2;2;0,1;0,1;1,2;0;0;2,2;0,1;0,2;0,2;0,1;0,1;0;0,5;0,3;0,3;0
Kazakhstan;KAZ;Asia;Developing;17988;1,6;3,1;0;1,8;0,1;26;0,1;1,3;0,3;1,7;4,1;0;73,9;6,6;9,9;2,2;0;0;1;0;0,1;4,5;0,4;0,7;0,4;0,8;0,2;0;1,4;4;1,5;0
Kenya;KEN;Africa;Developing;48462;119,7;19,5;5,4;29,1;6;27,4;0,6;2,3;1,2;0,4;3,4;0;21,5;3,4;7,3;1,7;0,7;0,2;6,7;0;0,4;13,5;0,9;1,9;1,2;1,5;0,9;0;3,4;1,5;2,6;0,1
Kiribati;KIR;Oceania;Developing;114;0,1;0,1;0;0,1;0;0,1;0;0,1;0;0;0;0;0,2;0;0;0;0;0;0;0;0;0;0;0;0;0;0;0;0;0;0;0
Kuwait;KWT;Asia;Developing;4053;0,4;1,1;0;0,2;0;1,7;0,1;0,3;0,1;0,1;0,1;0;4,6;0,3;0,3;0,3;0;0;0,2;0;0;0,7;0;0,1;0;0;0;0;0,2;0,1;0,1;0
Kyrgyzstan;KGZ;Asia;Developing;5956;1;1;0,1;1,5;0;3,9;0,1;0,4;0,1;0,6;0,4;0;19,3;1,5;2,6;0,6;0;0,1;0,6;0;0;1;0;0,1;0,1;0,2;0,1;0;0,4;0,5;0,3;0
Lao People's Democratic Republic;LAO;Asia;Developing;6758;6,8;3,2;0,4;4,1;0,4;5,5;0,1;1,7;0,2;0,1;1,2;0;12,7;2,5;2;1,2;0,1;0;0,9;0;0;1,1;0,1;0,4;0,2;0,8;0,1;0;0,6;0,6;0,5;0
Latvia;LVA;Europe;Developed;1971;0,3;0,4;0;0;0;5,9;0,1;0,5;0,1;0,3;0,5;0;15,9;0,4;1,1;0,5;0,1;0,1;0;0;0;0,2;0;0,2;0,1;0,2;0,1;0;0,2;0,4;0,1;0
Lebanon;LBN;Asia;Developing;6007;0,4;0,6;0;0,3;0;6,1;0,3;1,9;0,2;0,1;3,9;0;17,8;1,6;1,3;1,1;0,2;0;0,3;0;0;1,1;0;0,2;0,1;0,1;0,1;0;0,2;0,2;0,3;0
Lesotho;LSO;Africa;Developing;2204;13,1;1,9;0,4;2,1;0,3;1,3;0;1,2;0,2;0,1;0,4;0;4,1;1,1;0,5;0,3;0;0;0,4;0;0;0,6;0,1;0;0,1;0,1;0,1;0;0,2;0,5;0,8;0
Liberia;LBR;Africa;Developing;4614;13,4;3,4;0,9;3,3;0,5;1,9;0,1;0,6;0,3;0,1;0,4;0;4,7;0,5;1,4;0,6;0,1;0;0,8;0;0,1;1,7;0,1;0,2;0,1;0,2;0,1;0;0,4;0,3;0,5;0
Libya;LBY;Africa;Developing;6293;0,9;1;0;0,7;0;4;0,2;1,3;0,2;0,1;1,9;0;11,6;1,1;1,1;1,8;0,1;0;0,6;0;0;1,6;0;0,3;0,1;0,1;0,1;0;0,3;0,3;0,2;3,7
Lithuania;LTU;Europe;Developed;2908;0,8;0,7;0;0;0;8,2;0,1;0,3;0;0,5;0,7;0;23,2;0,7;2,2;0,5;0;0,1;0,1;0;0;0,2;0;0,4;0;0,2;0;0;0,6;0,9;0,2;0
Luxembourg;LUX;Europe;Developed;576;0,1;0,1;0;0;0;1,1;0;0,1;0;0;0,4;0;1,2;0,3;0,2;0,1;0;0;0;0;0;0;0;0,1;0;0;0;0;0,1;0,1;0;0
Madagascar;MDG;Africa;Developing;24895;35,9;14;3;13,1;6,3;15;0,4;2,2;0,7;0,2;1,8;0;31,1;6;5,2;1,1;0,4;0,1;3,1;0;0,2;7,7;0,8;1,2;0,8;1;0,5;0;1,8;1;1,7;0
Malawi;MWI;Africa;Developing;18092;45,3;9;2,2;13,4;3,5;12,3;0,4;1,4;0,6;0,2;1,7;0;12,4;1,9;3,6;1;0,3;0,1;2,9;0;0,1;5,6;0,4;1;0,6;0,6;0,3;0;1,1;0,7;0,3;0
Malaysia;MYS;Asia;Developing;31187;10,9;13,9;0,2;1,8;0,1;24,5;0,9;4,6;0,6;0,7;7,7;0;54;6,3;6,5;4,9;1;0,3;1,4;0;0;6,9;0,2;0,7;0,3;0,6;0,2;0;1,9;1,7;1,3;0
Maldives;MDV;Asia;Developing;428;0;0;0;0;0;0,2;0;0;0;0;0,1;0;0,5;0,1;0;0,1;0;0;0;0;0;0;0;0;0;0;0;0;0;0;0;0
Mali;MLI;Africa;Developing;17995;60,7;14,9;4,4;24,9;6,7;7,8;0,2;2,4;2,2;0,4;2,2;0;22;5,4;6;2,8;0,3;0,1;4;0;0,2;4,9;0,6;1,3;0,9;1,6;1,2;0;2,8;0,9;2;0,3
Malta;MLT;Europe;Developed;429;0;0,2;0;0;0;0,9;0;0,1;0;0;0,2;0;1,3;0,2;0,1;0,1;0;0;0;0;0;0;0;0;0;0;0;0;0;0;0;0
Mauritania;MRT;Africa;Developing;4301;7,5;3,6;0,9;4,6;0,7;1,6;0,1;0,6;0,3;0,1;0,6;0;5,2;0,7;1,4;0,7;0,1;0;0,7;0;0,1;1,1;0,1;0,3;0,1;0,2;0,2;0;0,5;0,2;0,5;0
Mauritius;MUS;Africa;Developing;1262;0,2;0,3;0;0,1;0;1,2;0,1;2,4;0,1;0,1;0,2;0;3,3;0,9;0,4;0,2;0;0;0,1;0;0;0,2;0;0,1;0;0;0;0;0,1;0,1;0;0
Mexico;MEX;America;Developing;127540;16,5;22,6;0,8;13,4;11;80,1;5,9;99,6;11;5;11,5;0;159,3;36,5;63,2;30,2;2,6;5,1;11,2;0,2;0,3;15,3;0,5;2,8;0,6;2;1,4;0;13,3;6,5;21,5;3
Micronesia (Federated States of);FSM;Oceania;Developing;105;0;0;0;0;0;0,1;0;0,1;0;0;0;0;0,2;0;0;0;0;0;0;0;0;0;0;0;0;0;0;0;0;0;0;0
Mongolia;MNG;Asia;Developing;3027;0,9;0,4;0;0,5;0;4;0;0,1;0,1;0,3;0,4;0;7,5;0,3;1,6;0,4;0;0;0,3;0;0;0,6;0;0,2;0,1;0,1;0;0;0,3;0,4;0,3;0
Montenegro;MNE;Europe;Transition;629;0;0,1;0;0;0;1,4;0;0,2;0;0;0,3;0;3,8;0,2;0,1;0,1;0;0;0;0;0;0,1;0;0;0;0;0;0;0;0,1;0;0
Morocco;MAR;Africa;Developing;35277;6,9;7,6;0,5;10;0,4;26;1,3;10,6;1;0,5;12,5;0;69,5;6,4;4,9;8,5;0,5;0,1;2,8;0;0,2;6,7;0,2;1;0,5;0,5;0,4;0;1;1;0,5;0
Mozambique;MOZ;Africa;Developing;28829;116;17,6;3,7;27,1;3,6;20,8;0,5;2,7;1,5;0,3;3;0;23,7;2,9;5,4;1,8;0,9;0,1;4,8;0;0,5;8,5;0,8;1,7;1,3;1,6;0,9;0;3;1,4;0,7;0,1
Myanmar;MMR;Asia;Developing;52885;57,1;20,4;1,2;20;2,7;54;0,6;16,9;2,6;1,8;14,4;0;108,2;35,7;35;15,2;1,2;0,9;4,9;0;0,4;10,2;0,7;7,5;1,2;3;1,1;0;5,8;4,1;2,2;1,2
Namibia;NAM;Africa;Developing;2480;6,2;1,5;0,2;1,2;0,2;1;0;0,8;0,1;0,1;0,5;0;3,3;0,7;0,5;0,3;0,1;0;0,3;0;0;0,6;0;0;0,1;0,1;0,1;0;0,2;0,2;0,5;0
Nepal;NPL;Asia;Developing;28983;24,1;9,7;1,2;9,9;0,8;17;0,2;6,6;0,6;0,4;5;0;55,1;19;8,5;5,9;0,3;0,1;2;0;0,2;5,1;0,1;3,2;0,4;1,2;0,4;0;2,1;2,5;1;0
Netherlands;NLD;Europe;Developed;16987;2,4;4,7;0;0,3;0,3;47,3;1,8;3;1;0,8;20,3;0;38,1;10,8;4,9;3,5;0,3;1,2;0,5;0;0;0,6;0;3,3;0;0,1;0,1;0;1,4;2,1;0,1;0
New Zealand;NZL;Oceania;Developed;4661;0,3;0,9;0;0,1;0;9,1;0,2;0,9;0,3;0,1;3;0;9,5;2,2;1;0,5;0,1;0,3;0,2;0;0;0,3;0;0,6;0;0,1;0,1;0;0,2;0,6;0,1;0
Nicaragua;NIC;America;Developing;6150;1;1,1;0,2;0,8;0,2;4,1;0,1;1,6;0,2;0,5;1,6;0;7,2;1;2,1;3;0,1;0,1;0,6;0;0;0,9;0;0,3;0;0,3;0,1;0;0,4;0,7;0,9;0
Niger;NER;Africa;Developing;20673;61;26,8;5,7;24,1;7,4;5,6;0,2;2,5;2,6;0,3;2;0;22,3;3,8;6,6;2,7;0,3;0,1;4,4;0;0,3;6,5;0,9;1,4;1,2;2,2;1,6;0;3,7;0,9;2,1;0,1
Nigeria;NGA;Africa;Developing;185990;707,4;288,9;69,8;219,1;48,2;81,6;3,5;25,8;38,4;9,9;29;0;225,6;33;96;21,4;5,8;1,8;43,3;0;2,3;40,1;5,5;17,8;9;16,2;11,6;0;32,7;17,7;18,2;8,1
Norway;NOR;Europe;Developed;5255;0,8;1,9;0;0,1;0,2;11,4;0,3;0,7;0,3;0,6;4,7;0;11,6;3,1;1,3;0,9;0,1;0,3;0,1;0;0;0,2;0;0,6;0;0,1;0;0;0,7;0,6;0;0
Oman;OMN;Asia;Developing;4425;0,3;0,5;0;0,3;0;1,3;0,1;0,9;0,2;0;0,5;0;4;0,2;0,2;0,3;0,1;0;0,3;0;0;1,2;0;0,1;0;0,1;0,1;0;0,1;0,2;0,2;0
Pakistan;PAK;Asia;Developing;193203;175;85;8,6;213,3;7,4;117,1;2,8;44,7;8,2;2,1;25,1;0;411,6;71,5;60,3;33,7;2,5;0,9;26,6;0;4,4;30;4,4;11,5;3,7;8,7;4;0;15,2;5,6;18,5;0,8
Panama;PAN;America;Developing;4034;1,4;0,9;0,1;0,5;0,2;3,5;0,2;1,4;0,3;0,1;0,6;0;5,5;1,3;0,9;0,8;0,1;0,1;0,4;0;0;0,5;0;0,2;0;0,1;0;0;0,1;0,2;0,8;0
Papua New Guinea;PNG;Oceania;Developing;8085;11,2;4;0,3;4,5;0,4;6,8;0,1;2,4;0,2;0;0,7;0;13,3;3,2;2,1;1,5;0,1;0;1;0;0;1,2;0,1;0,2;0,2;0,6;0,2;0;0,7;0,5;0,8;0
Paraguay;PRY;America;Developing;6725;1,8;1,5;0,3;1,2;0,3;5,8;0,2;2,4;0,2;0,2;1,9;0;10,5;1,2;1,7;1,9;0,1;0,2;0,7;0;0;1,8;0;0,3;0,1;0,3;0,1;0;0,5;0,6;0,6;0
Peru;PER;America;Developing;31774;6,7;22,7;0,5;3,3;1,9;28,5;0,4;6,1;0,6;1,1;9,1;0;35,8;9,7;14,4;10,2;0,4;0,3;2,7;0;0;4,2;0,3;1,6;0,5;1,2;1,1;0;4;1,6;3,7;0
Philippines;PHL;Asia;Developing;103320;55,7;76;2,9;24,7;7,5;65,9;3,1;25,5;6,3;2,6;5;0,1;233,2;42,2;22,4;26,5;1,9;1,7;9,2;0;0,5;10,6;0,3;3,4;0,9;5,6;0,8;0;5,1;3,3;15,3;4,3
Poland;POL;Europe;Developed;38224;2,1;16,5;0;0,7;0,2;106,9;5,8;8,7;0,5;4,2;6,1;0;182;17,9;16,5;3,6;0,3;0,7;0,9;0;0;3,4;0,1;4,8;0,5;0,8;0,3;0;2;6,2;0,4;0
Portugal;PRT;Europe;Developed;10372;2,3;8,2;0;0,1;0,3;28,2;0,6;4,7;1,7;0,4;8,9;0;31;7,2;5,1;3,3;0,1;0,5;0,2;0;0;0,8;0;0,8;0,1;0,1;0;0;1,1;1,5;0,1;0
Qatar;QAT;Asia;Developing;2570;0;0,1;0;0,1;0;0,6;0;0,4;0;0;0,2;0;1,1;0,1;0,2;0,1;0;0;0,1;0;0;0,3;0;0,1;0;0;0,1;0;0,1;0,2;0,2;0
Republic of Korea;KOR;Asia;Developing;50792;8,4;18,7;0,1;0,7;0,6;84,6;1,5;12;1,5;1,2;19,2;0;63,6;16,7;12,8;8,2;0,5;1,8;0,6;0;0,1;5,5;0,3;2,5;0,3;0,6;0,5;0;4,3;13,7;0,6;0
Republic of Moldova;MDA;Europe;Transition;4060;0,6;1,1;0;0,3;0;7,1;0,1;0,5;0;0,6;0,3;0;27,4;1;4,2;0,6;0;0;0,2;0;0;0,4;0;0,2;0,1;0,2;0;0;0,9;0,6;0,2;0
Romania;ROU;Europe;Developed;19778;3,2;6,9;0;0,5;0,2;52,3;0,3;2,7;0,2;1,4;3,8;0;145,3;9,3;14,8;6,6;0,1;0,1;0,5;0;0;1,8;0,1;1,5;0,4;0,6;0,2;0;2,2;2,1;0,3;0
Russian Federation;RUS;Europe;Transition;143965;51,7;32,1;0,4;4,7;0,6;359,1;0,3;9,8;1,6;44,8;62;0;1022,8;33,3;75,9;16,2;1,5;1,4;5,3;0;0,7;25;2,4;11,7;7,1;8,6;4,2;0;25,6;44,7;16,3;0,2
Rwanda;RWA;Africa;Developing;11918;14,4;5,6;0,8;5,3;1,9;8,5;0,2;1,4;0,4;0,2;1,4;0;9,1;1,7;3,3;0,7;0,3;0,1;1,6;0;0,1;4,1;0,3;0,8;0,5;0,6;0,3;0;1,1;0,8;0,7;0
Saint Lucia;LCA;America;Developing;178;0;0,1;0;0;0;0,3;0;0,1;0;0;0;0;0,4;0,1;0,1;0;0;0;0;0;0;0;0;0;0;0;0;0;0;0;0;0
Saint Vincent and the Grenadines;VCT;America;Developing;110;0;0;0;0;0;0,2;0;0,1;0;0;0;0;0,3;0;0;0;0;0;0;0;0;0;0;0;0;0;0;0;0;0;0;0
Samoa;WSM;Oceania;Developing;195;0;0;0;0;0;0,1;0;0,1;0;0;0;0;0,3;0,1;0;0,1;0;0;0;0;0;0;0;0;0;0;0;0;0;0;0;0
Sao Tome and Principe;STP;Africa;Developing;200;0,2;0,1;0;0,1;0;0,1;0;0;0;0;0;0;0,2;0,1;0,1;0;0;0;0;0;0;0,1;0;0;0;0;0;0;0;0;0;0
Saudi Arabia;SAU;Asia;Developing;32276;2,2;6,2;0,1;3,4;0,1;10,8;0,5;3,7;0,9;0,4;5,9;0;42,4;3;4,1;7,2;0,8;0,2;2,8;0;0,2;9,1;0,2;1,9;0,6;0,9;0,9;0;1,6;1;2;0,2
Senegal;SEN;Africa;Developing;15412;20,9;9;1,4;10;1,7;5,9;0,2;2,2;1;0,2;1,7;0;16,2;2,7;4,2;2,1;0,3;0,1;2,6;0;0,2;4,6;0,4;1;0,5;0,8;0,6;0;1,6;0,9;1,2;0
Serbia;SRB;Europe;Transition;8820;0,7;1,4;0;0,3;0,1;23,5;0,6;3,1;0,2;0,5;3,6;0;57,5;5,5;3,7;3;0,1;0,2;0,2;0;0;0,6;0;0,5;0,1;0,1;0,1;0;0,4;1,4;0,1;0
Seychelles;SYC;Africa;Developing;94;0;0,1;0;0;0;0,1;0;0;0;0;0;0;0,3;0;0,1;0,1;0;0;0;0;0;0;0;0;0;0;0;0;0;0;0;0
Sierra Leone;SLE;Africa;Developing;7396;29,2;9,3;2,7;8,3;2,3;2,5;0,1;1,4;2;0,3;0,9;0;12,7;1,9;4,1;1,6;0,2;0,1;1,8;0;0,1;2,2;0,3;0,6;0,4;0,8;0,5;0;1,4;0,7;1;0
Singapore;SGP;Asia;Developing;5622;0,3;6,1;0;0;0;8,4;0,1;0,4;0;0;0,2;0;8,2;0,9;0,7;1,6;0,2;0,1;0,1;0;0;0,2;0;0,2;0;0;0;0;0,1;0,6;0;0
Slovakia;SVK;Europe;Developed;5444;0,3;1,9;0;0,1;0;14,7;0,1;0,9;0,2;0,2;3;0;20,5;1,3;3,2;0,9;0,2;0,1;0,2;0;0;0,4;0;1,2;0;0,2;0,1;0;0,4;0,7;0,1;0
Slovenia;SVN;Europe;Developed;2078;0,2;0,8;0;0;0;6,3;0,1;0,3;0,1;0,2;0,4;0;8;0,7;1,1;0,4;0;0,1;0;0;0;0,1;0;0,5;0;0;0;0;0,2;0,4;0;0
Solomon Islands;SLB;Oceania;Developing;599;0,3;0,2;0;0,2;0;0,4;0;0,2;0;0;0,1;0;0,8;0,2;0,1;0,1;0;0;0,1;0;0;0,1;0;0;0;0;0;0;0;0;0;0
Somalia;SOM;Africa;Developing;14318;52,4;24;4,3;20,3;6,1;6;0,4;1,9;1;0,2;1,4;0;16;2,3;5,3;1,3;0,3;0,1;3,6;0;0,3;4,1;0,7;1,1;1,3;1,5;0,7;0;2,5;0,7;0,8;6,5
South Africa;ZAF;Africa;Developing;56015;151,2;36,8;1,5;14,4;4,2;50,8;1,2;37,2;6,7;1,6;15,3;0;97,6;23,5;14,3;13,1;1,7;0,9;5;0;0,5;11,5;0,7;1,1;2,2;1,8;1,6;0;4,2;6,5;18,5;0
South Sudan;SSD;Africa;Developing;12231;44,5;12,7;3,3;13,4;3;8,3;0;1,6;0,6;0,1;1,2;0;12,2;1,8;3,8;0,9;0,3;0,1;2,1;0;0,1;3,8;0,5;0,8;0,7;0,8;0,5;0;1,4;0,5;0,6;1,7
Spain;ESP;Europe;Developed;46348;6,5;12,8;0;0,7;1,2;110;4,5;10,1;4,5;1,5;48,5;0;118,2;43,2;21,4;14;1,6;4,2;1;0;0;1,6;0,1;3;0,2;0,4;0,1;0;4,8;4;0,3;0
Sri Lanka;LKA;Asia;Developing;20798;4,4;4,9;0,1;1,2;0,2;20,4;0,1;12,4;0,6;0,5;9,1;0;48,6;11,8;6,9;6,7;0,1;0,1;1,2;0;0;3,6;0,1;2,5;0,5;1,5;0,4;0;1,7;3;0,6;0
Sudan;SDN;Africa;Developing;39579;40;19,1;3,6;35,4;1,3;17,7;1,3;5,8;2,1;0,6;6,4;0;80,3;8,7;8,3;7,8;0,3;0,3;7,1;0;0,3;9,8;1,6;2,6;2,1;3,4;2,3;0;3,9;3,2;2,4;4,1
Suriname;SUR;America;Developing;558;0,2;0,2;0;0,1;0;0,6;0;0,3;0;0;0,1;0;1,3;0,1;0,2;0,2;0;0;0;0;0;0,1;0;0;0;0;0;0;0,1;0,1;0,1;0
Swaziland;SWZ;Africa;Developing;1343;4,9;0,9;0,1;0,8;0,2;0,7;0;0,7;0,1;0;0,2;0;1,6;0,4;0,3;0,2;0;0;0,3;0;0;0,4;0;0;0,1;0,1;0,1;0;0,2;0,2;0,3;0
Sweden;SWE;Europe;Developed;9838;1,6;2,7;0;0,2;0,3;23,3;1;2,1;0,7;0,8;11,5;0;31,6;5,2;3,1;1,5;0,2;0,5;0,3;0;0;0,3;0;1,1;0,1;0,1;0,1;0;1,3;1,5;0,1;0
Switzerland;CHE;Europe;Developed;8402;0,7;1,9;0;0,2;0,2;18,2;0,6;1,4;0,5;0,6;9;0;21,3;3,6;2,7;1,5;0,1;0,7;0,3;0;0;0,3;0;1,9;0;0,1;0;0;0,4;1,4;0;0
Syrian Arab Republic;SYR;Asia;Developing;18430;2,6;2;0,3;2,6;0,1;14,2;0,6;1,3;0,5;0,2;4,2;0;37,9;2,7;2;2,7;0;0;1,5;0;0;3,5;0,1;0,3;0,1;0,1;0,1;0;0,6;0,4;0,5;69,3
Tajikistan;TJK;Asia;Developing;8735;2,9;3,2;0,1;4,3;0,2;4,6;0,3;0,8;0,1;0,2;1,3;0;19,2;1,8;1,8;0,7;0;0;1,1;0;0,1;1,5;0,1;0,3;0,3;0,5;0,1;0;0,4;0,2;0,1;0
Thailand;THA;Asia;Developing;68864;35,8;44,6;0,2;3,7;0,8;94,8;2,5;23,9;2,2;3,2;43,9;0;124,7;30,7;28,7;35,9;3,9;1,6;2,9;0;0,1;22,5;0,3;4,7;0,9;5,7;0,9;0;6,3;9,9;3,5;0,1
The former Yugoslav Republic of Macedonia;MKD;Europe;Transition;2081;0,1;0,1;0;0,2;0;4;0;0,9;0;0;0,2;0;12,2;0,9;0,4;0,4;0;0;0;0;0;0,1;0;0,1;0;0;0;0;0,1;0,2;0;0
Timor-Leste;TLS;Asia;Developing;1269;1,7;0,6;0,1;0,8;0;0,8;0;0,1;0;0;0,2;0;1,3;0,3;0,2;0,1;0;0;0,2;0;0;0,3;0;0;0;0,1;0;0;0,1;0,1;0,1;0
Togo;TGO;Africa;Developing;7606;18,4;6,8;0,9;6;1,3;3,3;0,1;1;1;0,2;0,9;0;10,5;1,7;2,9;1;0,1;0,1;1,5;0;0,1;2,5;0,2;0,6;0,3;0,5;0,3;0;1;0,7;0,7;0
Tonga;TON;Oceania;Developing;107;0;0;0;0;0;0,1;0;0,1;0;0;0;0;0,2;0;0;0;0;0;0;0;0;0;0;0;0;0;0;0;0;0;0;0
Trinidad and Tobago;TTO;America;Developing;1365;0,5;0,3;0;0,2;0,1;1,9;0,1;1,9;0,2;0;0,3;0;3,9;0,4;0,4;0,3;0,1;0,1;0,1;0;0;0,2;0;0;0;0,1;0;0;0,1;0,2;0,6;0
Tunisia;TUN;Africa;Developing;11403;1,2;2,9;0,1;1,4;0;8,3;0,5;3,5;0,5;0,1;6,2;0;32;3,1;2,5;3,9;0,3;0,1;0,9;0;0;2,6;0,1;0,5;0,2;0,2;0,1;0;0,4;0,4;0,2;0,1
Turkey;TUR;Asia;Developing;79512;4,3;7,9;0,2;6,7;0,8;102,6;0;21,8;4,5;1,1;50,4;0;156,6;30,3;12,3;18,8;0,7;1,4;6,7;0;0,1;6,5;0,2;5,2;0,7;1,2;2,7;0;3;5,8;2,1;0,6
Turkmenistan;TKM;Asia;Developing;5663;2,3;1,6;0;2,8;0;4,5;0,1;0,7;0,2;0,2;0,9;0;18,4;0,5;2,6;1,1;0;0;0,9;0;0,1;1;0;0,1;0,2;0,2;0,1;0;0,4;0,4;0,2;0
Uganda;UGA;Africa;Developing;41488;89,2;28,3;5,4;32,3;6,3;25,6;0,7;4,6;2,2;0,6;4,1;0;29,6;5,4;12,2;3;1,1;0,3;7,6;0;0,5;11,7;1,3;2,8;2,2;3,2;1,4;0;5,1;4,1;5,2;0,5
Ukraine;UKR;Europe;Transition;44439;18,6;5,3;0,1;1,7;0,1;97,1;0;2,5;0,5;11,2;23,2;0;402,4;13,1;22,5;3,5;0,1;0,3;1,7;0;0,1;4,4;1,1;3,5;1,8;2,8;0,9;0;4,6;10;2;0,4
United Arab Emirates;ARE;Asia;Developing;9270;0,3;0,4;0;0,3;0;1,8;0;0,7;0,1;0,1;0,5;0;6;0,8;0,4;0,7;0;0;0,3;0;0;0,9;0;0,3;0,1;0,1;0,2;0;0,4;0,3;0,4;0
United Kingdom;GBR;Europe;Developed;65789;6,6;37,5;0,1;1,6;0,4;168,2;4;6,6;3,1;3,7;98,6;0;150,4;50;28,6;10,6;2;4,6;2,3;0,1;0,1;1,8;0,2;6,3;0,3;0,3;0,4;0;5;5,8;0,9;0
United Republic of Tanzania;TZA;Africa;Developing;55572;128,6;37,1;10;40,9;11,6;27,2;0,8;6,4;2,7;0,8;6,5;0;51,6;7;14,7;4;1,7;0,3;10,3;0;0,7;19,1;1,5;4,1;2,8;3,1;1,6;0;6,4;3;4,3;0
United States of America;USA;America;Developed;322180;56,3;66,4;0,6;11,7;9,6;627,7;16,5;84,3;45,4;48,1;329;0,1;837,2;246,9;118,2;86;5,2;14,6;12,9;0,3;1,4;38,2;2,9;36,2;3,2;4,6;3,8;0,1;23,7;49,4;21,1;0,6
Uruguay;URY;America;Developing;3444;0,8;1,4;0;0,2;0,2;8,6;0,3;0,9;0,4;0,1;2;0;9,2;2,7;1,5;1,2;0,2;0,3;0,2;0;0;0,5;0;0;0;0,1;0,1;0;0,8;0,6;0,3;0
Uzbekistan;UZB;Asia;Developing;31447;5,1;5;0,2;7,2;0,2;13,8;0,4;5,7;0,2;0,6;2,4;0;98,9;3,6;9,5;5,3;0;0,2;2,8;0;0,1;2,9;0,3;0,4;0,5;1;0,3;0;2;2,3;0,6;0
Vanuatu;VUT;Oceania;Developing;270;0,1;0,1;0;0,1;0;0,2;0;0,1;0;0;0;0;0,4;0,1;0;0;0;0;0;0;0;0;0;0;0;0;0;0;0;0;0;0
Venezuela (Bolivarian Republic of);VEN;America;Developing;31568;7,6;6,7;0,6;4,7;0,7;28,6;2,8;14,9;0,9;0,3;2,4;0;54,2;7,2;7,3;4;0;0,6;2,5;0;0;12,8;0,1;1,2;0,2;0,9;0,3;0;2,5;1,2;15,5;0
Viet Nam;VNM;Asia;Developing;94569;32;16,6;0,9;13,1;0,2;102,3;1;20,8;2,3;1,9;36,1;0;172,3;30,6;28,1;17,8;1,4;0,4;8,9;0;0,3;22,7;0,9;13,1;0,4;6,8;1,2;0;6,3;6,9;3,6;0,1
Yemen;YEM;Asia;Developing;27584;14,6;12,3;3,2;19,5;0,4;10,5;0,7;3,9;1,2;0,3;4,4;0;56,8;6,4;4,6;4,8;0,2;0,2;4,1;0;0,6;7;1;1,6;1,3;1,9;1,4;0;2,3;2,3;1,7;5
Zambia;ZMB;Africa;Developing;16591;46,4;10,6;1,6;12,9;4,1;8;0,3;1,5;0,8;0,2;1,5;0;12,5;1,9;4,9;1,2;0,5;0,1;2,8;0;0,2;4,2;0,5;1,2;0,8;1;0,6;0;1,9;1;1,7;0
Zimbabwe;ZWE;Africa;Developing;16150;41,7;11,3;2,8;10,8;4,3;8,9;0,1;3,6;0,8;0,5;2,4;0;14,2;3;3,9;2,1;0,3;0,1;3,1;0;0;7,7;0,4;0,5;0,7;0,5;0,5;0;1,6;1,7;2,4;0
